"Post ID","Account ID","Account username","Account name",Description,"Duration (sec)","Publish time",Permalink,"Post type","Data comment",Date,Views,Reach,Likes,Shares,Follows,Comments,Saves
17902724751121134,17841409112206242,isb_thailand,"International School Bangkok","Our IASAS Drama Showcase was truly unforgettable—an incredible part of the IASAS Dance, Drama & Tech Cultural Conventions (DDT)!
The students gave a stunning performance of Naomi Iizuka's Anon(ymous), bringing powerful stories to life with raw emotion, compelling storytelling, and outstanding stage presence. Their dedication and passion were evident in every moment!
Now, they’re headed to Singapore (March 5-9) to represent us at the  IASAS Dance, Drama & Tech Cultural Conventions (DDT)! Let’s send them all our best wishes as they share their incredible talent on the international stage! 🌍🎬
#IASAS2025 #DramaMagic #ISB #ProudSchool #DramaOnStage #IASASDDT #ActingExcellence #DramaShowcase #IASAS #CulturalConventions",0,"03/04/2025 00:17",https://www.instagram.com/p/DGxTmZFNd5W/,"IG carousel",,Lifetime,5366,1823,145,9,0,0,1
18106357312696500,17841409112206242,isb_thailand,"International School Bangkok","This year, ISB turns 75.

Seventy-five years of students walking through these gates.
Seventy-five years of teachers opening doors.
Seventy-five years of families building community in Bangkok.

It began with a small group of internationally mobile families who believed a school could do more than deliver lessons.

Over time, that belief shaped something special.

Friendships that span continents.
Teachers who change trajectories.
Students who grow into leaders, creators, and global citizens.

On May 14, we will mark 75 years.

Between now and then, we’ll be sharing stories — moments, memories, milestones — that shaped ISB into the community it is today.

If you’ve been part of ISB’s journey, tell us your first ISB memory in the comments.

#ISB75",0,"02/28/2026 18:00",https://www.instagram.com/p/DVUwRipGIlg/,"IG image",,Lifetime,138925,74686,769,72,113,8,23
17857978497664959,17841409112206242,isb_thailand,"International School Bangkok","Thank you to our amazing parent community for making the Chinese Food Fair such a wonderful success! From authentic dishes to refreshing drinks, the event brought our school community together to celebrate culture, connection, and delicious food. We truly appreciate all the parent volunteers who made this memorable event possible.",0,"02/27/2026 19:00",https://www.instagram.com/p/DVSSVf5AV6N/,"IG carousel",,Lifetime,7375,2418,198,29,1,0,6
18088623113137384,17841409112206242,isb_thailand,"International School Bangkok","Thank you to our Grade 10 and 11 students and parents for joining us last night for U.S. University Case Studies.

Together, we explored what truly shapes the college application experience, from the hidden workload to the importance of building a thoughtful and balanced college list. We are proud to see our families approaching this process with greater clarity, perspective, and confidence.",0,"02/24/2026 22:05",https://www.instagram.com/p/DVK5GIhgTE-/,"IG carousel",,Lifetime,6048,1941,103,8,0,0,5
18076982660575002,17841409112206242,isb_thailand,"International School Bangkok","🏆 𝗣𝗮𝗻𝘁𝗵𝗲𝗿 𝗥𝗼𝗯𝗼𝘁𝗶𝗰𝘀 𝗦𝗵𝗶𝗻𝗲𝘀 𝗮𝘁 𝗧𝗵𝗮𝗶𝗹𝗮𝗻𝗱 𝗡𝗮𝘁𝗶𝗼𝗻𝗮𝗹 𝗧𝗼𝘂𝗿𝗻𝗮𝗺𝗲𝗻𝘁 🏆
𝗪𝗲 𝗮𝗿𝗲 𝗶𝗻𝗰𝗿𝗲𝗱𝗶𝗯𝗹𝘆 𝗽𝗿𝗼𝘂𝗱 𝗼𝗳 𝗼𝘂𝗿 𝟴 𝗘𝗹𝗲𝗺𝗲𝗻𝘁𝗮𝗿𝘆 𝗮𝗻𝗱 𝗠𝗶𝗱𝗱𝗹𝗲 𝗦𝗰𝗵𝗼𝗼𝗹 𝗣𝗮𝗻𝘁𝗵𝗲𝗿 𝗥𝗼𝗯𝗼𝘁𝗶𝗰𝘀 𝘁𝗲𝗮𝗺𝘀 𝘄𝗵𝗼 𝗰𝗼𝗺𝗽𝗲𝘁𝗲𝗱 𝗮𝘁 𝘁𝗵𝗲 𝗧𝗵𝗮𝗶𝗹𝗮𝗻𝗱 𝗡𝗮𝘁𝗶𝗼𝗻𝗮𝗹 𝗙𝗜𝗥𝗦𝗧 𝗟𝗘𝗚𝗢 𝗟𝗲𝗮𝗴𝘂𝗲 𝗧𝗼𝘂𝗿𝗻𝗮𝗺𝗲𝗻𝘁 𝗮𝘁 𝗭𝗲𝗲𝗿 𝗥𝗮𝗻𝗴𝘀𝗶𝘁 𝗼𝗻 𝗙𝗲𝗯𝗿𝘂𝗮𝗿𝘆 𝟭𝟰–𝟭𝟱.
This was a highly competitive event featuring 70 teams from across Thailand, showcasing an inspiring level of innovation, engineering, and collaboration.
All eight of our teams earned team awards, including trophies in Robot Performance and CORE Values, recognizing their teamwork, creativity, and problem-solving. Two of our teams placed in the top 11 out of 70 teams in the Robot Game — an outstanding national achievement!
Beyond the awards, what stood out most was the incredible growth of our students. They:
✨ Persevered through technical challenges
✨ Presented their innovation projects confidently to judges
✨ Collaborated under pressure
✨ Represented ISB with integrity and enthusiasm
Most importantly, they had fun celebrating six months of learning, design, coding, and teamwork.
A heartfelt thank you to our dedicated Panther Robotics coaching team for their countless hours of support:
Mr. Marshall, Ms. Pool, Ms. Marshall, Mr. Przybylski, and Mr. Ciambrello.
We are so proud of our Panthers! 🐾💛",0,"02/19/2026 19:16",https://www.instagram.com/p/DU9twSwjAfK/,"IG carousel",,Lifetime,9867,2222,136,60,1,1,3
18146199727458412,17841409112206242,isb_thailand,"International School Bangkok","A huge thank you to all 82 donors who joined our Blood Drive this week. Our Panthers donated 69 units of blood to the Thai Red Cross. See you again next Fall, and thank you to alt.Eatery for the refreshments.",0,"02/17/2026 23:27",https://www.instagram.com/p/DU5A5iYkv4Z/,"IG carousel",,Lifetime,7078,2577,164,4,0,0,0
17992805387755662,17841409112206242,isb_thailand,"International School Bangkok","𝗔𝗦𝗔𝗦 𝗦𝗽𝗲𝗲𝗰𝗵 𝗮𝗻𝗱 𝗗𝗲𝗯𝗮𝘁𝗲 𝗦𝗵𝗼𝘄𝗰𝗮𝘀𝗲
The 18 members of ISB's IASAS Speech and Debate team displayed their talents at our recent Speech and Debate Showcase. They will be heading off to Jakarta Intercultural School on Wednesday, Feb. 25th to compete against the best speakers from the other IASAS Schools in the disciplines of Original Oratory, Oral Interpretation, Impromptu Speaking, Extemporaneous Speaking and Debate.  Expectations are high after ISB's unprecedented return of 4 gold and 1 silver medal at last year's event in Taipei.",0,"02/17/2026 18:42",https://www.instagram.com/p/DU4gXzajy1e/,"IG carousel",,Lifetime,9426,3365,250,25,0,0,5
18323222989216939,17841409112206242,isb_thailand,"International School Bangkok","IFF wouldn’t have been possible without our amazing community. Thank you to all the organizers, performers, volunteers, and everyone who joined us to celebrate together. Your support and spirit made this event unforgettable. We can’t wait to do it all again. See you next year! 💛

#ISBCommunity #ISB",0,"02/12/2026 04:58",https://www.instagram.com/reel/DUqJ_OTicZs/,"IG reel",,Lifetime,6267,3913,173,26,1,0,6
18037173524537033,17841409112206242,isb_thailand,"International School Bangkok","Join our community at the Intercultural Family Fair this Saturday, February 7, and explore 18 international food booths from around the globe. 
#InterculturalFamilyFair #IFF2026",20,"02/02/2026 00:49",https://www.instagram.com/reel/DUP9eZ3iY94/,"IG reel",,Lifetime,4013,2395,71,23,1,0,0
18109602661640809,17841409112206242,isb_thailand,"International School Bangkok","✨ WORLD OF WONDERS is coming! 🌍
One afternoon. Many cultures. Endless fun.

🎉 Food • Shows • Games • Parade of Nations
🗓 7 Feb 2026 | ⏰ 3:30 to 7:30 PM
📍 ISB International School Bangkok

🎟 500 THB | Kids 5 & under free

#ISBIFF2026 #WorldOfWonders #ISBBangkok #FamilyFair #CulturalCelebration",31,"01/29/2026 23:55",https://www.instagram.com/reel/DUII4dhCSXX/,"IG reel",,Lifetime,4119,2341,132,15,1,0,3
18408538684121256,17841409112206242,isb_thailand,"International School Bangkok","ISB hosts IASAS Season 2 - Basketball & Tennis.
Let’s welcome our IASAS schools and cheer on the Panthers! 

#isb #isbthailand #IASAS",62,"01/28/2026 23:07",https://www.instagram.com/reel/DUFdl-UCQ60/,"IG reel",,Lifetime,9572,6348,305,67,6,2,10
18086752877025900,17841409112206242,isb_thailand,"International School Bangkok","🌍 𝗜𝗦𝗕 𝗜𝗻𝘁𝗲𝗿𝗰𝘂𝗹𝘁𝘂𝗿𝗮𝗹 𝗙𝗮𝗺𝗶𝗹𝘆 𝗙𝗮𝗶𝗿: 𝗪𝗼𝗿𝗹𝗱 𝗼𝗳 𝗪𝗼𝗻𝗱𝗲𝗿𝘀

Join us Saturday February 7 for the biggest community event of the year. Experience a global marketplace of food, music, and culture right here at ISB.

𝗪𝗿𝗶𝘀𝘁𝗯𝗮𝗻𝗱𝘀 𝗼𝗻 𝘀𝗮𝗹𝗲 𝗻𝗼𝘄 𝗣𝗿𝗶𝗰𝗲: 500 baht (Children 5 and younger are free) Purchase at the IFF tables outside the ES or MS/HS turnstiles during drop off and dismissal. Buy early to skip the lines on event day.

𝗪𝗵𝗮𝘁 𝗶𝘀 𝗶𝗻𝗰𝗹𝘂𝗱𝗲𝗱 Sampling at 18 community food booths Unlimited rides and games Cultural workshops and musical performances Front row seats for the Parade of Nations

𝗗𝗲𝗮𝗱𝗹𝗶𝗻𝗲𝘀 Today January 23 is the final opportunity to sign up your country for the parade. We are also seeking students, parents, and staff to sign up for stage performances.

See you on February 7 for an afternoon of connection and celebration.",0,"01/25/2026 20:10",https://www.instagram.com/p/DT9cG5tEaVd/,"IG carousel",,Lifetime,5406,1673,80,49,1,0,1
18386095150144139,17841409112206242,isb_thailand,"International School Bangkok","What an incredible night at the New ISB Theater. Huge thanks to everyone who joined us for Faculty Follies last night.

Our faculty and staff traded their classrooms for the stage to bring the community a night of comedy, choreography, and even some enthusiastic Canadian sea shanties. It was a wonderful evening of laughter and lighthearted fun, all while showing off a completely different side of our talented ISB team.

Most importantly, all proceeds from the ticket sales go directly to support iCare. Thank you for showing up, laughing with us, and contributing to such a great cause.

We are proud to be part of such a vibrant and supportive community.",0,"01/22/2026 21:17",https://www.instagram.com/p/DT11YR-idDp/,"IG carousel",,Lifetime,6502,2170,195,9,0,0,0
17874499203394877,17841409112206242,isb_thailand,"International School Bangkok","Thank you for joining Junior University Kick Off (JUKO) last night, hosted by HS University Counseling — a wonderful start to planning the years ahead.

#ISBThailand #ISB",0,"01/16/2026 00:27",https://www.instagram.com/p/DTkJjZ4CYVA/,"IG carousel",,Lifetime,8649,2745,214,10,0,1,3
17895540792386717,17841409112206242,isb_thailand,"International School Bangkok","What will High School department bring in 2026?
#isb #isbthailand #internationalschoolbangkok",120,"01/14/2026 23:13",https://www.instagram.com/reel/DThbVREicFh/,"IG reel",,Lifetime,28992,19674,738,367,68,0,42
18120243484561215,17841409112206242,isb_thailand,"International School Bangkok","First day of Semester 2 : Welcome back panthers! Happy learning.
#isb #isbthailand",44,"01/13/2026 00:24",https://www.instagram.com/reel/DTcZSD_iTbM/,"IG reel",,Lifetime,15502,9956,625,151,22,0,12
18102360259747426,17841409112206242,isb_thailand,"International School Bangkok","An ES Traditional send-off, filled with joy. Happy holidays!",54,"12/20/2025 21:46",https://www.instagram.com/reel/DSg6ZPWAgwk/,"IG reel",,Lifetime,11514,7971,398,16,9,1,5
18109343605620337,17841409112206242,isb_thailand,"International School Bangkok","The first Mini-Cultural Event, Our Cultures, Our Stories, was a beautiful celebration of traditions, storytelling, and connection - from Morocco to Hungary to Türkiye. Thank you to everyone who shared and joined us.
#isbcommunity #ISB #ISBTHAILAND",0,"12/11/2025 18:43",https://www.instagram.com/p/DSJaWKpD6sl/,"IG carousel",,Lifetime,9865,2925,148,4,1,1,2
18319087411218408,17841409112206242,isb_thailand,"International School Bangkok","𝗜𝗦𝗕 𝗖𝗲𝗹𝗲𝗯𝗿𝗮𝘁𝗲𝘀 𝗝𝗲𝗻𝗶𝘀 𝗦𝘂𝗻𝘁𝗵𝗼𝗿𝗻𝗿𝗮𝗻𝗴𝘀𝗿𝗶: 𝗦𝘁𝘂𝗱𝗲𝗻𝘁, 𝗔𝘁𝗵𝗹𝗲𝘁𝗲, 𝗧𝗵𝗮𝗶 𝗡𝗮𝘁𝗶𝗼𝗻𝗮𝗹 𝗦𝘄𝗶𝗺𝗺𝗲𝗿! 🇹🇭
It takes incredible discipline and commitment to balance academics with six days of training for the Thai National Swimming Team. Our remarkable 10th grader, Jenis, proved it was possible!

Jenis successfully represented Thailand at the Asian Youth Games, and she had the full support of the entire ISB community as she pursued her dreams at the highest level.

Watch the full interview about Jenis’s journey, discipline, and preparation for the Asian Youth Games

#isb #isbthailand #ISBPanthers #isbspotlight",203,"12/07/2025 17:54",https://www.instagram.com/reel/DR_BiAeifFS/,"IG reel",,Lifetime,12593,5809,487,64,4,6,20
18352647346205834,17841409112206242,isb_thailand,"International School Bangkok","𝗪𝗲 𝘄𝗿𝗮𝗽𝗽𝗲𝗱 𝘂𝗽 𝗮𝗻 𝗮𝗺𝗮𝘇𝗶𝗻𝗴 𝟰𝘁𝗵 𝗔𝗻𝗻𝘂𝗮𝗹 𝗕𝗹𝗮𝗰𝗸 & 𝗚𝗼𝗹𝗱 𝗙𝗜𝗥𝗦𝗧 𝗟𝗲𝗴𝗼 𝗟𝗲𝗮𝗴𝘂𝗲 𝗥𝗼𝗯𝗼𝘁𝗶𝗰𝘀 𝗧𝗼𝘂𝗿𝗻𝗮𝗺𝗲𝗻𝘁 𝗼𝗻 𝗙𝗿𝗶𝗱𝗮𝘆, 𝗡𝗼𝘃. 𝟮𝟴!

Eight teams and more than 50 students from Grades 4–8 showcased their hard work in the Robot Game and shared their Innovation Project research. The energy was incredible, with parents, teachers, and students packing the CC Theater to cheer them on!

A huge congratulations to Team Brick Malfunction (Gr. 5) for taking 1st place overall with 375 points! 🏆 And in a thrilling finish, Middle School narrowly edged out Elementary School to reclaim the coveted ISB Team Trophy.

Special shoutout to our rookie Grade 4 team, Bouncy Powered Diamonds, for earning the CORE Values Award! 💛

We’re so proud of all our teams—this was fantastic practice as they gear up for the Thailand National Tournament on Feb 14–15. Go Panthers! 🐾💛🖤

#isb #isbthailand",121,"12/04/2025 00:51",https://www.instagram.com/reel/DR1eJOSCUlt/,"IG reel",,Lifetime,5303,3192,121,8,0,1,7
18061152899634120,17841409112206242,isb_thailand,"International School Bangkok","Discover how ISB’s high school program supports students academically and personally.
Our High School Pathways Webinar will walk you through AP & IB options, student life, sports, arts, and our Syracuse University partnership that offers early college credit.
📅 𝗗𝗲𝗰 𝟭𝟬, 𝟮𝟬𝟮𝟱 — 𝟳𝗽𝗺 (𝗕𝗮𝗻𝗴𝗸𝗼𝗸 𝗧𝗶𝗺𝗲)
🖥️ 𝗢𝗻𝗹𝗶𝗻𝗲 𝗭𝗼𝗼𝗺 𝗪𝗲𝗯𝗶𝗻𝗮𝗿
We look forward to welcoming your family and answering your questions.
𝗣𝗹𝗲𝗮𝘀𝗲 𝗿𝗲𝗴𝗶𝘀𝘁𝗲𝗿 𝗯𝘆 𝘀𝗰𝗮𝗻𝗻𝗶𝗻𝗴 𝘁𝗵𝗲 𝗤𝗥 𝗰𝗼𝗱𝗲 𝗼𝗻 𝘁𝗵𝗲 𝗽𝗼𝘀𝘁𝗲𝗿.",0,"12/02/2025 18:45",https://www.instagram.com/p/DRyPab8lAGh/,"IG image",,Lifetime,10083,2843,56,14,1,0,2
18051052358658072,17841409112206242,isb_thailand,"International School Bangkok","History. Made.
For the first time ever, our 𝗜𝗔𝗦𝗔𝗦 𝗚𝗼𝗹𝗱 𝗶𝗻 𝗦𝗼𝗰𝗰𝗲𝗿, 𝗖𝗿𝗼𝘀𝘀 𝗖𝗼𝘂𝗻𝘁𝗿𝘆, 𝗮𝗻𝗱 𝗩𝗼𝗹𝗹𝗲𝘆𝗯𝗮𝗹𝗹 - 𝗶𝗻 𝘁𝗵𝗲 𝘀𝗮𝗺𝗲 𝘆𝗲𝗮𝗿.Three teams. Three trophies. One unstoppable force.
These athletes showed what it means to be an ISB Panther - taking risks, pushing limits, and proving that girls’ sports aren’t just part of the story…  𝘁𝗵𝗲𝘆 𝗔𝗥𝗘 𝘁𝗵𝗲 𝗵𝗲𝗮𝗱𝗹𝗶𝗻𝗲.
To every athlete, coach, and supporter: thank you for lifting each other up and showing our community what unity, grit, and girl power look like at ISB.
 𝗣𝗮𝗻𝘁𝗵𝗲𝗿 𝗵𝗶𝘀𝘁𝗼𝗿𝘆 𝗵𝗮𝘀 𝗮 𝗻𝗲𝘄 𝗰𝗵𝗮𝗽𝘁𝗲𝗿 -  𝘄𝗿𝗶𝘁𝘁𝗲𝗻 𝗯𝘆 𝗴𝗶𝗿𝗹𝘀. 🖤💛
 #ISBPanthers #GirlPower #IASAS2025 #PantherPride #CuriousCourageousEmpowered #ISBAthletics
Credit : ISMANILA",0,"11/27/2025 21:01",https://www.instagram.com/p/DRlnGobjegc/,"IG carousel",,Lifetime,24217,6616,623,40,3,1,13
18382992205146460,17841409112206242,isb_thailand,"International School Bangkok","𝗛𝗮𝘁𝘆𝗮𝗶 𝗳𝗮𝗺𝗶𝗹𝗶𝗲𝘀 𝗻𝗲𝗲𝗱 𝗼𝘂𝗿 𝗵𝗲𝗹𝗽. 

ISB is collecting essential items for those affected by the flooding.

Drop-offs can be made  𝗮𝘁 𝘁𝗵𝗲 𝗺𝗮𝗶𝗻 𝗲𝗻𝘁𝗿𝗮𝗻𝗰𝗲 𝗯𝘆 𝘁𝗵𝗲 𝗣𝗮𝗻𝘁𝗵𝗲𝗿 𝘀𝘁𝗮𝘁𝘂𝗲. Donate by 3 December.

𝗦𝗰𝗮𝗻 𝘁𝗵𝗲 𝗤𝗥 𝗰𝗼𝗱𝗲 𝘁𝗼 𝘀𝗲𝗲 𝘄𝗵𝗮𝘁’𝘀 𝗻𝗲𝗲𝗱𝗲𝗱. 
Please note: Some ISB parent groups are also organizing their own donation efforts.  Check your parent WhatsApp groups for more ways to support.",0,"11/26/2025 17:52",https://www.instagram.com/p/DRislzViWRO/,"IG image",,Lifetime,10369,3023,103,9,0,0,0
18028942379773846,17841409112206242,isb_thailand,"International School Bangkok","Thank you to our students, parents, and staff for making Intercultural Week 2025 unforgettable. Here’s a look back at our journey around the world! 
#isb #isbthailand #internationalschoolbangkok #isbcommunity #isbinterculturalweek",64,"11/26/2025 00:42",https://www.instagram.com/reel/DRg2FdBCZ9Q/,"IG reel",,Lifetime,10486,6150,444,29,14,3,13
18145325887429466,17841409112206242,isb_thailand,"International School Bangkok","On 12 November, our ISB community gathered to honor Her Majesty Queen Sirikit The Queen Mother. Students, families, and guests - including H.E. Ms. Supamas Isarabhakdi from the Prime Minister’s Office - came together to celebrate her legacy of culture, artistry, and service.
From the student-led Royal Anthem to the Khon performance, poetry, reflections, the commemorative film, and the ROTC Tribute, each moment connected our international community to the beauty and depth of Thai heritage.
Our Royal Exhibition invited students to explore culture together through traditional dress, biography, and hands-on weaving and mask-making. These shared experiences help our learners grow as global citizens, curious, respectful, and ready to contribute in an interconnected world.
#ISB #InternationalSchoolBangkok #ThaiCulture #QueenMother #ISBCommunity #HonoringTradition",97,"11/15/2025 23:59",https://www.instagram.com/reel/DRHBzOBifvN/,"IG reel",,Lifetime,7806,4704,331,32,3,0,7
18089231608920195,17841409112206242,isb_thailand,"International School Bangkok","Grade 8 and finance-interested high school students were inspired by Khun Jirayut “Topp” Srupsrisopa, Founder and Group CEO of Bitkub Capital Group Holdings. This event was co-hosted by both the middle school and the high school “Next Gen” Financial Literacy Club, a group dedicated to empowering our generation and the next with essential financial literacy skills.
Our mission was a wonderful success. Students gained essential investment knowledge and left feeling motivated to take charge of their financial futures.
We are deeply grateful to Khun Topp for dedicating his valuable time to inspire our students and for his generous offer to continue this momentum through future collaborations with Bitkub, especially for our High School students.",0,"11/12/2025 21:49",https://www.instagram.com/p/DQ_EkjYjJzN/,"IG carousel",,Lifetime,18420,3948,234,62,0,1,9
18157428043404340,17841409112206242,isb_thailand,"International School Bangkok","𝗪𝗵𝗮𝘁 𝗮𝗻 𝗶𝗻𝗰𝗿𝗲𝗱𝗶𝗯𝗹𝗲 𝘄𝗲𝗲𝗸𝗲𝗻𝗱 𝗳𝗼𝗿 𝗜𝗦𝗕 𝗦𝘄𝗶𝗺 𝘁𝗲𝗮𝗺!  We hosted 23 teams and just over 800 swimmers!
𝗠𝗲𝗲𝘁 𝗛𝗶𝗴𝗵𝗹𝗶𝗴𝗵𝘁𝘀:
ISB was the overall Swim Meet Champion: 2762.5 points
Age Group High Points: 1st place in 8 out of 10 age groups!
𝗥𝗲𝗹𝗮𝘆 𝗥𝗲𝗰𝗼𝗿𝗱𝘀:
Girls 9/10 200 Medley: Mickey Dong, Alice Cheng, Billie Jurisoo, Napin Romsala
Girls 13/14 200 Free & 200 Medley (School Record!): Penn Chantaramporn, Bay Bay Tharr, Emily Fan, Meinian Chen
𝗜𝗻𝗱𝗶𝘃𝗶𝗱𝘂𝗮𝗹 𝗥𝗲𝗰𝗼𝗿𝗱𝘀:
Otto Sarntawanpas – 9/10 200m Breaststroke
Pax Kantakom – 11/12 200m Backstroke
Manee Chen – 13/14 100m Fly & 200m Free
Jenis Sunthornrangsri – 15+ 50m, 100m, 200m Breaststroke
A very successful weekend by any account!
𝗡𝗲𝘅𝘁 𝘂𝗽: 𝗜𝗔𝗦𝗔𝗦 𝘃𝘀 𝗔𝗣𝗔𝗖 𝗔𝗹𝗹-𝗦𝘁𝗮𝗿 𝗪𝗲𝗲𝗸𝗲𝗻𝗱 𝗮𝘁 𝗜𝗦𝗕!
Nov 21: Friday Night Relays
Nov 22: Individual Races
Our varsity swimmers will join the IASAS All-Star team to compete against top swimmers from 𝗖𝗵𝗶𝗻𝗮, 𝗞𝗼𝗿𝗲𝗮, 𝗝𝗮𝗽𝗮𝗻, 𝗩𝗶𝗲𝘁𝗻𝗮𝗺, 𝗮𝗻𝗱 𝘁𝗵𝗲 𝗣𝗵𝗶𝗹𝗶𝗽𝗽𝗶𝗻𝗲𝘀. It’s going to be fast, thrilling, and unforgettable, don’t miss it!
#ISBSwimming #SwimMeetChampions #AllStarWeekend #FastAndFurious #ISBPride",0,"11/10/2025 19:08",https://www.instagram.com/p/DQ5olbzFSpS/,"IG carousel",,Lifetime,14800,2711,261,9,3,0,2
17986620290746168,17841409112206242,isb_thailand,"International School Bangkok","𝗛𝗼𝗻𝗼𝗿𝗶𝗻𝗴 𝗛𝗲𝗿 𝗠𝗮𝗷𝗲𝘀𝘁𝘆 𝗤𝘂𝗲𝗲𝗻 𝗦𝗶𝗿𝗶𝗸𝗶𝘁, 𝗧𝗵𝗲 𝗤𝘂𝗲𝗲𝗻 𝗠𝗼𝘁𝗵𝗲𝗿
This week, the ISB community came together in deep respect and remembrance of Her Majesty Queen Sirikit, The Queen Mother of Thailand, who passed away peacefully on 24 October 2025 at the age of 93.
In separate assemblies across the Elementary, Middle, and High Schools, students, faculty, and staff paid tribute to Her Majesty’s lifelong devotion to the nation. Her compassion, leadership, and dedication to the Thai people continue to inspire us all.
May Her Majesty Queen Sirikit, The Queen Mother, rest in eternal peace, and may her legacy live on in our hearts.

#ISB #ISBTHAILAND",0,"11/06/2025 17:32",https://www.instagram.com/p/DQvKYZLkmXh/,"IG carousel",,Lifetime,17773,3510,436,4,3,1,4
17985716351874289,17841409112206242,isb_thailand,"International School Bangkok","In Loving Memory of Her Majesty Queen Sirikit, The Queen Mother (1932–2025)

Forever in our hearts.

International School Bangkok (ISB) joins the people of Thailand in mourning the passing of Her Majesty Queen Sirikit, The Queen Mother.  Her grace, love, and devotion to the nation will forever be remembered with heartfelt sorrow and deepest respect.",0,"10/24/2025 21:58",https://www.instagram.com/p/DQODsPRgdAj/,"IG image",,Lifetime,25719,7028,541,41,5,4,4
18143186482436395,17841409112206242,isb_thailand,"International School Bangkok","Our HS IB, AP, and Drawing & Painting students had the incredible opportunity to learn from Dan Christian, Dean of ÀNI Art Academies Thailand — an artist whose passion for realism and expressive storytelling inspires creativity at every level.
#ISB #ISBART #ISBTHAILAND",0,"10/21/2025 20:00",https://www.instagram.com/p/DQGH1BJjTg5/,"IG carousel",,Lifetime,9685,3099,217,39,2,0,4
18346797976163596,17841409112206242,isb_thailand,"International School Bangkok","Grade 5 students joined the High School ASL Club to celebrate the International Day of Sign Language, learning simple phrases and discovering how communication connects us all.

Read more on our blog.

#ISBCommunity #ISBElementary #InclusionAtISB",0,"10/19/2025 20:30",https://www.instagram.com/p/DQBBml1gUhl/,"IG carousel",,Lifetime,20391,3488,232,23,0,0,7
18090153820848413,17841409112206242,isb_thailand,"International School Bangkok","Well done to the HS Musical cast and crew of Little Shop of Horrors.
It was an incredible show filled with talent, energy, and creativity.
Thank you to everyone who came to support and watch the performance.
#ISBTheater #ISBArts #LittleShopOfHorrors #ISBCommunity",63,"10/16/2025 20:31",https://www.instagram.com/reel/DP5TUiMijxl/,"IG reel",,Lifetime,6214,3360,183,18,2,2,2
18045454790690268,17841409112206242,isb_thailand,"International School Bangkok","This week’s ISB MUN Showcase Debate tackled a timely and thought-provoking topic: the threat of bioterrorism amidst the rising accessibility of genome editing. The quality of speeches was outstanding — both in delivery and in depth of content.

Delegates, impeccably turned out in formal wear, carried themselves with the poise and professionalism of true diplomats.

In his Chair’s Report preceding the debate, ISB MUN Secretary General, Charlie Doherty, urged delegates to engage deeply with the issue, reminding them that “it is only by fostering collaboration between the scientific community, academia, individuals, public and private stakeholders, and the international community that we can come closer to utilizing the double-edged sword of biotechnology primarily for the benefit of humanity.”

The debate certainly embodied this spirit of collaboration — showcasing critical thinking, eloquence, and a shared commitment to ensuring biotechnology serves the progress, not the peril, of humankind.

#ISB #ISBThailand #ISBMUN #ISBHighSchool",0,"10/08/2025 23:08",https://www.instagram.com/p/DPk-7X5CYe6/,"IG carousel",,Lifetime,20093,2950,230,65,0,0,5
18081579055985901,17841409112206242,isb_thailand,"International School Bangkok","Don’t Miss Out – Get Your Tickets Now!
ISB High School Musical presents Little Shop of Horrors, live on stage October 9–11 in the ISB Theater.

Follow Seymour Krelborn, a struggling florist who discovers a mysterious man-eating plant that brings fame and fortune—but at a terrifying cost. This sci-fi horror comedy is filled with catchy songs, dark humor, and unforgettable performances.

Buy your tickets now at the Panther Den.

#ISBTheater #LittleShopOfHorrors #ISBArts #ISBPanthers",0,"10/08/2025 02:56",https://www.instagram.com/p/DPi0R4VDwtA/,"IG carousel",,Lifetime,18429,2549,214,79,0,0,0
18059813624526731,17841409112206242,isb_thailand,"International School Bangkok","Let this reel sum up our ISB Spirit Week Season 1. It was fantastic! 
Sep.29 - Oct 3

#isb #isbthailand #isbathletics",73,"10/06/2025 04:35",https://www.instagram.com/reel/DPd1IjTiYMq/,"IG reel",,Lifetime,13869,8765,503,95,10,2,16
18081981646779821,17841409112206242,isb_thailand,"International School Bangkok","How do teens truly thrive?
At ISB, we believe it happens in an environment of high trust and high support.
In our latest HeadTalk, students, parents, teachers, and counselors reflect on what really motivates young people — from being trusted with responsibility, to feeling accepted as they are, to knowing that care is declared openly.
Watch the 90-second recap and see the Mentor Mindset in action at ISB.
#ISBHeadTalk #InternationalSchoolBangkok #HighTrustHighSupport #MentorMindset #LearningForLife",89,"10/02/2025 02:03",https://www.instagram.com/reel/DPTQ7Q7CVUV/,"IG reel",,Lifetime,16069,5782,326,162,8,0,9
18158033824383252,17841409112206242,isb_thailand,"International School Bangkok","ISB Greater Bangkok World University Fair 2025
#isb #isbthailand #universityfair #isb_uc",98,"09/30/2025 04:58",https://www.instagram.com/reel/DPObWbJibUn/,"IG reel",,Lifetime,10428,6667,230,39,4,1,5
18101717050624737,17841409112206242,isb_thailand,"International School Bangkok","ISB Spirit Week Season 1 - Sep.29 -Oct 3

Monday: Pajama Day (All) 
Tuesday: Character Day (HS & ES) / Silly Hair (MS) 
Wednesday: Jersey Day (All)
Thursday: Decades Day (HS)/ House Shirt Day (MS) / Class Colors (ES)
Friday: Black & Gold Day 
#isb #isbthailand #isbcommunity #isbathletics",28,"09/28/2025 06:16",https://www.instagram.com/reel/DPJa7mIiWgg/,"IG reel",,Lifetime,5094,2549,158,27,1,0,2
18070195975952844,17841409112206242,isb_thailand,"International School Bangkok","Exciting News!
International School Bangkok is proud to host the New Talent Festival in Thailand for the very first time, taking place 23–25 October 2025.

This inaugural edition will bring together young musicians and music lovers for three unforgettable days featuring:

International Competition

One-on-one Masterclasses

Interactive Workshops

Award Ceremony

Gala Concert

Registration is now open. Don’t miss your chance to be part of this milestone event.
Deadline: 10 October 2025 at 23:59 (Bangkok time)
#isb #isbthailand #NewTalentFestival #newtalentfestivalcompetition",84,"09/25/2025 02:38",https://www.instagram.com/reel/DPBSAwcCTKA/,"IG reel",,Lifetime,8039,4451,287,84,3,0,3
17889067659220156,17841409112206242,isb_thailand,"International School Bangkok","The new ISB Theater came alive on September 13 as we hosted the Bangkok International Choir Festival concert. Over 100 choir students from nine international schools — Bangkok Patana, Grace, ICS Nonthaburi, ISB, Jakarta Intercultural, Ruamrudee, Shrewsbury, Taipei American, and Thai-Chinese International — joined voices in harmony under the direction of Ms. Dinah Helgeson, former ISB Choir Director (1999–2010).

It was an unforgettable afternoon celebrating music, community, and collaboration. Thank you to everyone who joined us to support these talented young musicians.

#ISB #ISBTHAILAND #choir",36,"09/24/2025 02:01",https://www.instagram.com/reel/DO-qoJ6iV_X/,"IG reel",,Lifetime,7188,4010,268,27,7,0,5
17860043148437590,17841409112206242,isb_thailand,"International School Bangkok","A gentle reminder for our first ISB HeadTalk.
Wednesday, September 24
Venue: ISB MPB 1,2,3
Time: 5:00-6.00 PM
RSVP Only
#ISBHeadTalk #ConversationsThatMatter #ISBCommunity #ISB",9,"09/23/2025 06:08",https://www.instagram.com/reel/DO8iM61CV9W/,"IG reel",,Lifetime,4221,2240,84,4,0,0,3
17871279762351211,17841409112206242,isb_thailand,"International School Bangkok","IB or AP? Let’s see what students say. 
#isb #isbthailand #ibprogram #approgram #IB #AP",28,"09/21/2025 22:25",https://www.instagram.com/reel/DO5IZ9qiZLV/,"IG reel",,Lifetime,16887,7045,297,52,9,2,12
18114216121525108,17841409112206242,isb_thailand,"International School Bangkok","On September 16th, our ISB community gathered in the Rajendra Gym to celebrate Peace Day 2025: Building Up Peace. Through art, music, dance, and storytelling, we embraced the UN theme Act Now for a Peaceful World and reflected on how peace begins with the actions we choose each day.

#ISB #ISBTHAILAND #ISBPEACEDAY",41,"09/21/2025 06:27",https://www.instagram.com/reel/DO3a1g8AT-H/,"IG reel",,Lifetime,7499,4142,295,3,10,0,4
18077498399057792,17841409112206242,isb_thailand,"International School Bangkok","Applications for the 2026/27 school year are now open! 🎉
Our Admissions Team is here to support you every step of the way. Connect with us today! 
#isb #isbthailand #isbadmissions",22,"09/18/2025 01:49",https://www.instagram.com/reel/DOvMYEFCdcL/,"IG reel",,Lifetime,11319,6668,285,75,7,4,6
18041551703417243,17841409112206242,isb_thailand,"International School Bangkok","What truly sparks motivation in teenagers?
That’s where we begin with HeadTalk—a new ISB series exploring the questions that shape our children’s future.
Our first Fireside Chat dives into the adolescent brain and the science of motivation.
Read Dr. Sascha Heckmann’s blog Unlocking Their Potential and RSVP for HeadTalk via the link in our bio.
 𝗝𝗼𝗶𝗻 𝘂𝘀 𝗹𝗶𝘃𝗲: 𝟱𝗽𝗺-𝟲𝗽𝗺 𝗦𝗲𝗽𝘁𝗲𝗺𝗯𝗲𝗿 𝟮𝟰, 𝟮𝟬𝟮𝟱 𝗮𝘁 𝗠𝗣𝗕 𝟭,𝟮,𝟯 

#ISBHeadTalk #ConversationsThatMatter #ISBcommunity",45,"09/17/2025 04:49",https://www.instagram.com/reel/DOs6DKTCdKE/,"IG reel",,Lifetime,8116,5408,170,52,2,3,6
18019702073573467,17841409112206242,isb_thailand,"International School Bangkok","MS Wai Kru Assembly 2025
On September 5, 2025, MS students and teachers gathered in the ISB Theatre for the Wai Kru Assembly, a cherished Thai tradition that honors teachers with gratitude and respect. The program featured the King’s Anthem, student MCs, the traditional teacher worship chant, floral garland presentations to new faculty, administrators, counselors, and instructional assistants, as well as student-created media expressing gratitude and a performance by the MS Choir.

This cultural assembly also encouraged students to be ready to learn for the new academic year, highlighting ISB values of Responsibility and Commitment. Teachers shared tips for success, while the program also brought plenty of energy and fun. Students enjoyed a lively hand-clap brain break and Ready to Learn: House Charades, where each House teamed up with their teachers on stage to act and guess words—building teamwork, integrity, and school spirit. The program closed with Principal Mr. Harter’s inspiring words on gratitude and the joy of learning.

The Wai Kru Assembly was a wonderful success, celebrating Thai culture, ISB values, and the strong bond between students and teachers. Well done, Middle School!",0,"09/11/2025 01:59",https://www.instagram.com/p/DOdMPMDCdU7/,"IG carousel",,Lifetime,21428,3612,211,90,3,0,3
18119413627496609,17841409112206242,isb_thailand,"International School Bangkok","The ISB Gallery is hosting its first exhibition of the 2025–26 school year, Bangkok International ART NOW, on display through September 26. The show features a range of contemporary works by local artists, including guest artist Popkapi, who also worked directly with ISB students during their visit.

The exhibition is open Monday through Friday during school hours. Visitors can learn more about each piece and acquisition details from the artists’ statements displayed in the gallery. 

#isb #isbthailand #ArtNow",37,"09/10/2025 03:59",https://www.instagram.com/reel/DOa0xVrCeyO/,"IG reel",,Lifetime,6903,3907,179,9,2,2,3
18017588954587452,17841409112206242,isb_thailand,"International School Bangkok","An incredible start by ISBs very own Kevin Xia. Kevin shot a 2 under in his round in his first professional golf tournament at the Bangkok open. Day One highlight was definitely 4 birdies in row. Fingers crossed for another great round tomorrow!",0,"09/04/2025 04:01",https://www.instagram.com/p/DOLYuvAiZhy/,"IG carousel",,Lifetime,16328,2811,173,8,0,0,2
17977249118876478,17841409112206242,isb_thailand,"International School Bangkok","An inspiring evening at ISB! Our community had the chance to hear directly from leading voices in US higher education. Thank you to our distinguished panel and everyone who joined us!

#ISB #ISBThailand #ISB_UC",0,"09/01/2025 01:12",https://www.instagram.com/p/DODW6-NiYGN/,"IG carousel",,Lifetime,18067,2851,161,5,1,1,2
17908108926213019,17841409112206242,isb_thailand,"International School Bangkok","Our Middle School Club Fair on Aug. 22 was a huge success. Students explored arts, athletics, service, and leadership opportunities and found new passions along the way. 

#MSClubFair #ISBCommunity #ISBThailand #ISB #ISBMiddleSchool",0,"08/28/2025 21:44",https://www.instagram.com/p/DN7QzryCRyV/,"IG carousel",,Lifetime,20792,3521,204,54,2,0,2
18051342401536775,17841409112206242,isb_thailand,"International School Bangkok","Last Friday, all Grade 9 students took part in Community Day facilitated by JUMP! Each advisory group spent the day building connections, setting the tone for High School, and beginning their four-year journey together with their advisor.

#ISB #ISBThailand #ISBHighSchool",40,"08/28/2025 01:26",https://www.instagram.com/reel/DN5FCFniVYX/,"IG reel",,Lifetime,9123,5457,254,50,6,1,7
18094348489652502,17841409112206242,isb_thailand,"International School Bangkok","𝗣𝗮𝗻𝘁𝗵𝗲𝗿 𝗥𝘂𝗻 𝗦𝗲𝗿𝗶𝗲𝘀 #𝟭 – 𝗪𝗵𝗮𝘁 𝗮 𝗺𝗼𝗿𝗻𝗶𝗻𝗴!

On August 23, Panthers and community members came together to kick off the weekend with a 3km and 5km run around Nichada.

It was wonderful to see students, parents, staff, and neighbors all moving together and sharing the spirit of community. A huge thank you to everyone who joined and made the first Panther Run of the year such a success.

The next Panther Run is on September 6th. See you there!

#ISBPantherRun #ISBCommunity #ISBThailand #ISB #isbathletics",37,"08/25/2025 22:53",https://www.instagram.com/reel/DNzp-D20tYq/,"IG reel",,Lifetime,7026,3642,259,44,5,2,6
17953149821861206,17841409112206242,isb_thailand,"International School Bangkok","Yesterday our Elementary School came together for the first Welcome Assembly of the year. We launched the #Kindness campaign, introduced our school norms, and celebrated our new students and teachers. A special highlight was seeing our Grade 5 leaders step up as role models for our ES community. 

#ISBcommunity #isb #isbthailand #internationalschoolbangkok",49,"08/22/2025 23:58",https://www.instagram.com/reel/DNsB-0pUp5g/,"IG reel",,Lifetime,7778,4694,231,97,6,5,7
17903000079239490,17841409112206242,isb_thailand,"International School Bangkok","First week back… how did it go? It was filled with new friends, fun learning, and plenty of Panther spirit!
#isb #isbthailand #internationalschoolbangkok",118,"08/21/2025 03:53",https://www.instagram.com/reel/DNnUgr_vZf1/,"IG reel",,Lifetime,11579,6932,407,165,16,11,10
18097005934715948,17841409112206242,isb_thailand,"International School Bangkok","The Engagement Office hosted the Welcome Wai on Monday to greet new parents to ISB. Parents found out more ways to get involved on campus, and also mingled with returning parents to start friendships and build community. It was a big turnout and a fun way to start the year at ISB. Thank you everyone for attending.

#ISBCommunity #isbthailand #ISB",0,"08/19/2025 00:00",https://www.instagram.com/p/DNhway9v6us/,"IG carousel",,Lifetime,18941,3696,193,13,2,0,3
18071962595086263,17841409112206242,isb_thailand,"International School Bangkok","Thank you to everyone who joined today’s Back to School Blood Drive with the Thai Red Cross.

Every drop counts and your generosity makes a life saving difference, especially here in Thailand where Rh negative blood is rare. Together, we showed once again that ISB care reaches far beyond our campus gates.

#ISBCommunity #BackToSchool #BloodDrive #ThaiRedCross #CareBeyondOurGates #ISB",0,"08/18/2025 00:51",https://www.instagram.com/p/DNfRZFoPffS/,"IG carousel",,Lifetime,15862,2888,199,19,1,0,0
17910280917194253,17841409112206242,isb_thailand,"International School Bangkok","These students began their ISB journey 13 or 14 years ago! Some have been here the whole way through, while others left for a few years and then came back to ISB. Either way, today marks their last first day of school.

  #isb #isbthailand #internationalschoolbangkok #onceapantheralwaysapanther #ISBClassOf2026",28,"08/17/2025 05:38",https://www.instagram.com/reel/DNdMy91Pd7H/,"IG reel",,Lifetime,11004,6701,321,117,7,1,10
18110244862533190,17841409112206242,isb_thailand,"International School Bangkok","On August 13th, our seniors had their Last First Day together. 

#isb #isbthailand #internationalschoolbangkok #onceapantheralwaysapanther #ISBClassOf2026",48,"08/16/2025 02:45",https://www.instagram.com/reel/DNaT_IWv744/,"IG reel",,Lifetime,16242,9842,496,194,12,0,16
18512539267032463,17841409112206242,isb_thailand,"International School Bangkok","This week, we welcomed everyone back for the first day of school at ISB. The campus came alive with the energy of new beginnings, from our youngest learners starting their journey to our seniors enjoying their last first day. Here’s to a year ahead filled with learning, growth, and shared memories.

#ISB #ISBThailand #FirstDay",62,"08/15/2025 02:12",https://www.instagram.com/reel/DNXsRQVvWb3/,"IG reel",,Lifetime,17720,11276,636,106,34,4,25
18082366471721929,17841409112206242,isb_thailand,"International School Bangkok","On August 11, we proudly welcomed our newest Panthers to the ISB family!
#isb #isbthailand #internationalschoolbangkok #onceapantheralwaysapanther",90,"08/13/2025 04:07",https://www.instagram.com/reel/DNSvvCVvkUZ/,"IG reel",,Lifetime,9698,5900,301,54,7,2,7
17900175723121228,17841409112206242,isb_thailand,"International School Bangkok","Together, we’re unstoppable! 
#iSB #ISBThailand #MissionPossible #TeamWork #ISBStaff #togetherness",65,"08/12/2025 04:16",https://www.instagram.com/reel/DNQMGewvyFA/,"IG reel",,Lifetime,8419,5293,270,105,2,2,10
18217294411306230,17841409112206242,isb_thailand,"International School Bangkok","Welcome back to all faculty as we begin a new academic year. We started the day with a Buddhist ceremony to bring blessings to our community, followed by a warm welcome from Dr. Sascha Heckmann and a Whole School Professional Learning Community (PLC) session. Each division then invested their PLC work to deepen professional collaboration to support the further learning growth of our students. 

#ISB #ISBThailand #ISBStrongStart2025",0,"08/05/2025 04:12",https://www.instagram.com/p/DM-KF4tv2Nx/,"IG carousel",,Lifetime,20700,3961,445,59,2,0,12
18383005537122068,17841409112206242,isb_thailand,"International School Bangkok","𝗜𝗦𝗕 𝗦𝘂𝗺𝗺𝗲𝗿 𝗦𝗰𝗵𝗼𝗼𝗹 𝟮𝟬𝟮𝟱 𝗛𝗶𝗴𝗵𝗹𝗶𝗴𝗵𝘁𝘀!
This summer, students explored, discovered, and thrived through our wide range of exploratory camps — from creative arts to hands-on science and real-world work experience. With engaging activities running from early morning to early afternoon, every day brought new skills, new friendships, and unforgettable memories.
Swipe through for a glimpse into the joy, curiosity, and passion that filled our campus all summer long! 
#ISBSummerSchool #LearningBeyondTheClassroom #ExploreCreateGrow",0,"07/21/2025 23:37",https://www.instagram.com/p/DMZncnXvrkz/,"IG carousel",,Lifetime,18029,2659,194,53,0,1,4
17885492169337066,17841409112206242,isb_thailand,"International School Bangkok","From nature trails to galaxies far beyond, ISB’s Summer School Science & Engineering Camp takes students on an unforgettable STEM journey! Available for Grade 3 to 8 students, this introductory camp offers a unique theme each week for our enrolling students like Nature, Outer Space, and Engineering Marvels! ⚙️🧪🚀

Every week provides our students with exciting hands on and immersive experiments that provide a strong foundation to help propel them further into their learning journey. 🤔 

#ISB #SummerSchool #Science #Engineering #SummerCamp",0,"07/20/2025 20:01",https://www.instagram.com/p/DMWp7ehoS4R/,"IG image",,Lifetime,13581,1728,28,0,0,0,1
18081179029892156,17841409112206242,isb_thailand,"International School Bangkok","What does learning look like when it truly comes alive? At ISB, our students solve real problems, experimenting in science labs, building prototypes, and engaging in meaningful discussions with teachers who challenge them to think deeper. 💭

Whether it’s Kindergarten or High School, everyday brings new challenges, ideas, and breakthroughs. 💡

Step inside our classrooms, discover learning at ISB today. 

#ISB #LearningAtISB #LearningComesAlive #Classrooms",0,"07/17/2025 20:00",https://www.instagram.com/p/DMO7c5oArnR/,"IG image",,Lifetime,12852,1412,40,0,0,0,2
17889125724177107,17841409112206242,isb_thailand,"International School Bangkok","What makes your child unique is exactly what we nurture at ISB. We meet learners where they are and help them discover what’s next; with care, flexibility, and the right challenge at every step. 👣

Our role is to guide, support, and inspire them to take ownership of that journey. With world class educators, diverse opportunities, and personalized learning, ISB empowers each student to grow into their fullest self whatever that looks like. 🎨🎤📹

#ISB #GlobalEducation #ISBPrograms #DiverseStudents",0,"07/15/2025 20:00",https://www.instagram.com/p/DMJx46atoWF/,"IG image",,Lifetime,12136,1448,33,0,0,1,0
17998991198802752,17841409112206242,isb_thailand,"International School Bangkok","Every child is different. At ISB, our teachers are trained to recognize unique strengths and guide students toward their version of success. 🎓 

From flexible learning strategies to purpose driven mentorship, we make sure no one gets left behind and everyone finds their place. With a combination of our passionate educators, and an environment that empowers self-discovery, we guide students to find their own voice, purpose, and potential. 🎵

Discover the difference at ISB, learn more. 

#ISB #GlobalEducation #LearningThroughGrowth #FindingPotential",0,"07/14/2025 02:00",https://www.instagram.com/p/DMFRiG5pyJy/,"IG image",,Lifetime,12720,1746,44,4,0,0,3
18167085499343470,17841409112206242,isb_thailand,"International School Bangkok","On June 12, ISB Student Council hosted StuCoachella — a night of music and impact.Featuring Getsunova, The Frog Kissers, Guy & Max, Cheres, and Sand & Proud.
All proceeds went to the GlobalGiving – Myanmar and Thailand Earthquake Relief Fund
Thank you for making a difference.

#StuCoachella2025 #ISBConcert #iCareFoundation #ISB #ISBThailand",0,"06/18/2025 03:50",https://www.instagram.com/p/DLChYIJPafz/,"IG carousel",,Lifetime,20223,4203,301,39,2,2,6
18090922111618561,17841409112206242,isb_thailand,"International School Bangkok","To our amazing 8th graders — you did it!
We’re so proud of you and can’t wait to see all you’ll achieve in High School. Good luck — go shine in High School!

#ISB #ISBThailand #MovingOnCeremony #MiddleSchoolToHighSchool",77,"06/16/2025 06:27",https://www.instagram.com/reel/DK9pPjIP4Y-/,"IG reel",,Lifetime,13723,7720,460,107,16,1,14
18088583329566591,17841409112206242,isb_thailand,"International School Bangkok","Goodbyes for now, memories forever.
Today, we don’t just close our books—we carry with us the laughter, friendships, and unforgettable moments from this school year.

To our ES, MS, and HS Panthers: thank you for the memories.
Have a joyful break and until we meet again, see you next year.

#ISB #ISBThailand #OnceAPantherAlwaysAPanther #Classof2025",109,"06/13/2025 06:04",https://www.instagram.com/reel/DK14m-8PAKs/,"IG reel",,Lifetime,8477,5177,368,70,4,3,8
17985432131688515,17841409112206242,isb_thailand,"International School Bangkok","Congratulations to our amazing Grade 5 students!
You did it! Wishing you all the best as you take your next big step into Middle School.

 #ISBProud #Grade5Graduation #NextChapter #ISB #ISBThailand #ISBGrad2025",50,"06/11/2025 06:33",https://www.instagram.com/reel/DKwyWsovqdD/,"IG reel",,Lifetime,10235,6286,421,83,6,6,16
18092073211529420,17841409112206242,isb_thailand,"International School Bangkok","One of our favorite moments from the Grade 8 Minor Games unit: archery day!  Loving the energy as we head toward the final stretch of the year!

#ISB #ISBThailand #MiddleSchool #Grade8 #PE #archery",0,"06/10/2025 04:47",https://www.instagram.com/p/DKuBipgxIhG/,"IG carousel",,Lifetime,14008,2627,210,19,0,0,1
17857629156439560,17841409112206242,isb_thailand,"International School Bangkok","What a splash! 💦 The annual PE Water Extravaganza was a fun-filled highlight to wrap up the school year. Huge thanks to the ES PE team and everyone who made it unforgettable! 

#ISB #WaterExtravaganza #PE #ISBThailand #Elementary",0,"06/09/2025 05:55",https://www.instagram.com/p/DKrkiSSvNbG/,"IG carousel",,Lifetime,13232,2441,163,12,0,0,1
18164097082357872,17841409112206242,isb_thailand,"International School Bangkok","ES Musical “Moana JR.” now performing! Our amazing young stars are shining on stage. Don’t miss the final show tomorrow at 2pm June 7 in the CCT.

#ISB #ISBMusical #theatrekids #isbthailand",0,"06/06/2025 06:22",https://www.instagram.com/p/DKj5R3rv62H/,"IG carousel",,Lifetime,14860,3880,334,37,1,6,6
18074110582901376,17841409112206242,isb_thailand,"International School Bangkok","“Light it up with your passion, your purpose, and your uniqueness. Light it up with your love of learning, your relentless pursuit of becoming, and in the brightest sense of the word. Light it up for all of us, because the world needs your spark.”

– Dr. Sascha Heckmann, Head of School

Congratulations, Seniors! 💛🖤",97,"06/05/2025 04:50",https://www.instagram.com/reel/DKhJtMHP8-z/,"IG reel",,Lifetime,9583,6033,425,56,7,0,10
18282143668265583,17841409112206242,isb_thailand,"International School Bangkok","Graduation Class of 2025 is tomorrow! Join the celebration and watch it live! 

#ISBGrad2025  #classof2025 #GraduationLive #ISB #ISBThailand",0,"05/30/2025 01:38",https://www.instagram.com/p/DKRXLsgtXD9/,"IG carousel",,Lifetime,16331,4514,424,41,8,0,3
17906474259154669,17841409112206242,isb_thailand,"International School Bangkok","One more day till graduation, Class of 2025!
#ISBGrad2025 #Seniors2025  #ISB #ISBCommunity #ISBThailand",26,"05/29/2025 04:12",https://www.instagram.com/reel/DKPEAlJxo5t/,"IG reel",,Lifetime,9163,4891,396,74,2,0,10
17844949761476490,17841409112206242,isb_thailand,"International School Bangkok","A huge thank you to our panther partners for making last Tuesday’s partnership appreciation event a success! It was a fantastic opportunity to share updates about our new and upcoming facilities with over 50 partners from diverse industries, including hospitals, preschools, agents, catering services, visa support providers, relocation services, and chambers of commerce.

Together, we’re building a stronger, more connected community. The future looks bright with exciting developments ahead, including enhanced facilities, innovative programs, and even greater opportunities for collaboration.

Looking ahead to many more successful partnerships in the years to come!

#ISB #ISBThailand",0,"05/28/2025 04:44",https://www.instagram.com/p/DKMi2XjJiGq/,"IG carousel",,Lifetime,12023,3225,267,24,3,0,2
18145652965387352,17841409112206242,isb_thailand,"International School Bangkok","Epicure welcomes two Guest Chefs from Japan through our new partnership with Green House Co. Ltd. Join us for lunch from May 28 to 30 and enjoy authentic Japanese dishes made fresh at the cafeteria. Come and experience the flavors of Japan. #EpicureXGreenHouse #ISBDining",19,"05/27/2025 04:33",https://www.instagram.com/reel/DKJ82r6s86n/,"IG reel",,Lifetime,8230,4417,232,245,1,2,10
17880482748300056,17841409112206242,isb_thailand,"International School Bangkok","Our Seniors, Class of 2025, truly made last Saturday unforgettable with their Golf Cart Parade! From the cheers, smiles, and honks along the way—it was a day filled with joy, laughter, and memories to last a lifetime.

We can’t celebrate enough the hard work, passion, and spirit you’ve brought to our community. Cheers to the amazing journey ahead for the Class of 2025!

#ISBGolfCartParade #ISBGrad2025 #Seniors2025 #GolfCartParade #Unforgettable #ISBCommunity",67,"05/26/2025 04:50",https://www.instagram.com/reel/DKHZ4hTveDx/,"IG reel",,Lifetime,9716,5783,525,82,4,3,13
18031623098394891,17841409112206242,isb_thailand,"International School Bangkok","Get ready for a dazzling celebration of rhythm, energy, and joy. Our talented dancers are ready to light up the stage—don’t miss these spectacular performances!

Location: CC Theater

Showtimes:
Friday, May 23
• 3:30 PM – ES Group 1
• 6:30 PM – Middle & High School (MS/HS)

Saturday, May 24
• 10:30 AM – ES Group 2

Come support our performers and enjoy the show!",0,"05/22/2025 04:05",https://www.instagram.com/p/DJ9BoBqt1lP/,"IG carousel",,Lifetime,8783,2022,129,28,0,0,1
17951015780963931,17841409112206242,isb_thailand,"International School Bangkok","ISB Gymnasts Shine at International Goodwill Meet in Manila 🇵🇭

A talented group of ISB student-athletes from Grade 1 to Grade 9 proudly represented our school at the Gymnastics Goodwill Meet 2025, held at International School Manila on May 17–18. Competing alongside local teams from across the Philippines, our gymnasts showcased exceptional skill, determination, and true Panther spirit.

Their outstanding performances were the result of months of dedication, the tireless efforts of their coaches, and the unwavering support from the ISB parent community. Congratulations to all our gymnasts for exemplifying teamwork, sportsmanship, and excellence on the international stage!",0,"05/21/2025 04:39",https://www.instagram.com/p/DJ6gvFLu9mV/,"IG carousel",,Lifetime,9545,2470,172,21,1,0,4
18055511084246682,17841409112206242,isb_thailand,"International School Bangkok","Gratitude Week moments from last week💛

#ISB #ISBThailand",0,"05/20/2025 04:21",https://www.instagram.com/p/DJ355CNzgOo/,"IG carousel",,Lifetime,11470,3289,353,28,2,0,0
18059488298143341,17841409112206242,isb_thailand,"International School Bangkok","Congratulations, Class of 2025!

#ISBGrad2025 #ISB #ISBThailand",72,"05/19/2025 02:47",https://www.instagram.com/reel/DJ1KQpSTZfn/,"IG reel",,Lifetime,12330,6221,762,100,14,2,30
18066371671997863,17841409112206242,isb_thailand,"International School Bangkok","Confidence was high in our boys varsity golf team this season as we geared up for IASAS in Kuala Lumpur. But these things are never easy—we lost one of our strongest players to illness the day before we travelled.
Strong performances in rounds one and two secured us a spot in the final against a tough TAS team. In a closely fought battle, four of the six matches went to the final hole, but our boys held their nerve and came out on top—clinching our third consecutive gold medal! 
Special shout-out to Kevin Xia, who made birdie on his final hole in round two to win his second consecutive individual gold!
So proud of all our players for showing incredible grit, skill, and staying calm under pressure.
#ISB #IASAS
#3Peat #Champions #BoysGolf #ProudTeam #KualaLumpur2025",0,"05/15/2025 04:47",https://www.instagram.com/p/DJrE4udRZIR/,"IG carousel",,Lifetime,8851,2392,230,34,1,0,4
18100019146532260,17841409112206242,isb_thailand,"International School Bangkok","What a special night! This year’s Spring ES Panther Choir Concert was a beautiful celebration of our ES Social Emotional Learning theme: “We Can Do Hard Things”—and your children proved it on stage!

With support from the ES Art Department, ES Strings, and the Middle and High School Choirs, the evening was filled with big dreams, brave voices, and joyful music. Each song shared a message of courage, teamwork, and determination.

Thank you for cheering them on. We look forward to seeing you next semester at our ES Panther Choir Festival of Lights!

#ISB #ISBThailand #ISBESMUSIC",0,"05/14/2025 04:03",https://www.instagram.com/p/DJobBzpPL7T/,"IG carousel",,Lifetime,7563,2001,116,13,0,0,1
17852017923446362,17841409112206242,isb_thailand,"International School Bangkok","As we enter the final weeks of the school year, we pause to acknowledge the remarkable individuals who make ISB a place of excellence, care, and community.
Our faculty and staff serve with unwavering dedication in classrooms, on fields and stages, and throughout our campus, shaping meaningful experiences for our students each and every day.
This video is a small tribute to their lasting impact.
We are equally grateful to our students and parents, whose trust and support enrich our shared mission.
Thank you for being part of the ISB community.
#ISBGratitudeWeek #ISBCommunity #ThankYouISB #WeAreISB #ISB",96,"05/13/2025 04:09",https://www.instagram.com/reel/DJl2xr2zilh/,"IG reel",,Lifetime,8106,4532,373,24,10,1,7
17922417342074490,17841409112206242,isb_thailand,"International School Bangkok","Boundless celebrates the creativity, curiosity, and growth of our Middle School artists. Through bold ideas and emotional expression, students explore real-world questions and take creative risks. Guided by the Studio Habits of Mind, they build skills that go far beyond the art room — learning to observe, reflect, persist, and think in new ways. As you explore the exhibition, we invite you to look closely and discover the stories behind each piece.

#ISB #isbthailand #art",0,"05/09/2025 04:00",https://www.instagram.com/p/DJbiyUiO6MZ/,"IG carousel",,Lifetime,8496,1972,128,12,1,0,3
18093277381598405,17841409112206242,isb_thailand,"International School Bangkok","ROCK OF AGES hits the stage! It's 1987—big dreams, loud guitars, and a fight to save rock and roll! Don’t miss Sherrie, Drew, and the gang as they battle for love, fame, and the Dupree Room.

Get tickets in the Panther Den or at the door!
📅 Shows:
May 8 @ 4:30pm
May 9 @ 6:30pm
May 10 (Sat) @ 2:30pm

Let’s rock! 🤘

#ISB #isbthailand #RockOfAges #rockofagesmusical",0,"05/08/2025 01:53",https://www.instagram.com/p/DJYvfUBtPiQ/,"IG carousel",,Lifetime,8151,2118,131,12,0,0,1
17969264759857782,17841409112206242,isb_thailand,"International School Bangkok","On Monday, April 28, the stage came alive with joy, creativity, and courage as our amazing Orff musicians shared their magic. From imaginative performances to the smiles on their faces, every moment was unforgettable. Thank you, young performers, for your dedication and heart—and thank you to the families for your year-long support! 💛🎶 #OrffEnsemble #ISB #ISBMusic #ESMusic",0,"05/07/2025 03:19",https://www.instagram.com/p/DJWUfyBzfoy/,"IG carousel",,Lifetime,9071,2418,78,8,1,0,1
18084839590633397,17841409112206242,isb_thailand,"International School Bangkok","Track & Field Triumph
Our Varsity team wrapped up an incredible season with a 3PEAT victory for the girls at IASAS in Kuala Lumpur. From personal bests to 12 broken school records, our athletes showed tremendous growth, fueled by hard work, peer support, and expert coaching.

New School Records:
• Lily McHenry – 800m, 1500m, 3000m
• Lana Harter – Shot Put, Discus
• Oliver Cook – Boys Triple Jump
• Kate Kulmanochwong – Girls Triple Jump
• Florent Birkle – Boys Discus
• Kitch Mahaweerakhun – Boys Shot Put
• Girls 4x800m – Lara Geraets, Maya Winkle, Maggie Wood, Lily McHenry
• Boys 4x100m – Victor Robinson, Timotei Mourot, Gabriel Melody, Amos Unger
• Boys 4x400m – Titi Seraneeariyaporn, Anou van Oosten Slingeland, Gabriel Melody, Amos Unger

With Kindness, Effort, and Respect as their guiding values, the team supported each other through challenges and celebrated every success. What a season.

Next stop: IASAS 2026 in Singapore.
#ISBPanthers #TrackAndField #IASAS2025 #PantherPride #ISB",0,"05/06/2025 03:58",https://www.instagram.com/p/DJT0KzMOpAo/,"IG carousel",,Lifetime,9958,3182,310,23,1,0,6
17988917879799881,17841409112206242,isb_thailand,"International School Bangkok","Back-to-back champions!
This year, our boys' team made ISB history by winning gold once again against JIS — two championships in a row.

On the girls’ side, we reached the finals for the third consecutive year against TAS. Despite a strong fight, we narrowly missed the top spot and brought home a well-earned silver.

It was a fulfilling journey for our players, coaches, and parents. Thank you to the ISB and IASAS communities for your incredible support.

Next year, the girls are more determined than ever — and they’re going for gold.

#IASASbadminton #ISB #ISBangkok",0,"05/02/2025 06:36",https://www.instagram.com/p/DJJzDswpGnG/,"IG carousel",,Lifetime,9944,3583,303,60,0,1,3
18065272376001991,17841409112206242,isb_thailand,"International School Bangkok","Make this summer meaningful with ISB’s engaging Summer School Program — open to all students, both from ISB and external families!

From June 16th to July 4th, 2025, students in Elementary, Middle, and High School can enjoy three weeks of fun, hands-on learning designed to spark curiosity, build new skills, and boost confidence. Classes run Monday to Friday, from 7:30 AM to 1:00 PM — the perfect balance of academic focus and summer fun.

Give your child the opportunity to grow, explore, and thrive in a world-class learning environment at ISB.

Registration is open now until June 13th.",0,"04/29/2025 04:00",https://www.instagram.com/p/DJBy0PGv7n1/,"IG image",,Lifetime,7746,3036,38,2,0,0,1
18385844350186018,17841409112206242,isb_thailand,"International School Bangkok","The Dance Club’s annual Legs 4 Legs charity showcase lit up the stage this past Wednesday!
This inspiring event brought together performers of all ages and talents — all to raise awareness and support for the Thailand Prostheses Foundation.

From dancing to singing and everything in between, each performance made a real impact in the lives of those in need. It was a beautiful celebration of creativity, community, and compassion.

Huge thanks to everyone who shared their talents for such a meaningful cause!

#Legs4Legs #ISBDanceClub #ISB",0,"04/25/2025 04:20",https://www.instagram.com/p/DI3h31hvKFF/,"IG carousel",,Lifetime,7473,2325,176,27,0,1,3
17879531808290135,17841409112206242,isb_thailand,"International School Bangkok","Step into the world of film! 🎬🎊 

The Hanuman Film Festival is here, and we're rolling out the red carpet to celebrate the incredible achievements of our young filmmakers. 

Join us on the 24th of April, for an evening of cinematic excellence as we showcase their talent on the big screen. Be inspired by their creativity, moved by their stories, and amazed by their dedication. Experience the magic of cinema and support our talented students! 🎞️

#ISB #GlobalEducation",0,"04/23/2025 21:00",https://www.instagram.com/p/DI0KvIGJIe_/,"IG image",,Lifetime,5266,1730,49,8,0,0,1
18083656783568902,17841409112206242,isb_thailand,"International School Bangkok","💦 Splashing, smiling, and celebrating Songkran at ISB!
Let the water fun begin! 🌼💛

#Songkran2025 #ISBCommunity #WaterFestival #ISBLife",0,"04/12/2025 22:00",https://www.instagram.com/p/DIX82KpvHec/,"IG image",,Lifetime,4875,1468,47,0,0,0,0
18064103020978947,17841409112206242,isb_thailand,"International School Bangkok","April 11 kicked off with a joyful Songkran water splash, as our Elementary and Middle School students celebrated the Thai New Year with lots of laughter and refreshing fun!

Following the splash, our community gathered for the Songkran Assembly, where students, staff, and families came together to honor Thai traditions through music, dance, and cultural rituals.

The day was extra meaningful as it also marked the last school day for the Class of 2025. Some seniors joined in the Songkran festivities, joyfully celebrating the end of their high school journey with smiles and splashes.

A big thank you to the parents who captured these special moments of our seniors, highlighting the significance of the day.

Wishing everyone a Happy Songkran—and best of luck to our seniors in their upcoming exams! 🌸
#Songkran2025 #ISBCommunity #ThaiNewYear #ISBES #ISBMS #ClassOf2025",0,"04/12/2025 06:41",https://www.instagram.com/p/DIWTsbXRxlH/,"IG carousel",,Lifetime,8467,2827,278,24,0,0,7
18497057011000300,17841409112206242,isb_thailand,"International School Bangkok","Thai flavors took over ISB! From crispy chive cakes to Hainanese chicken rice, the Thai Food Fair was a feast to remember. 🍜🥢 Sweet treats like Thai ice cream and colorful luk chup made the day even sweeter! 🍡💛

A big thank you to the Thai Parent Volunteer Community for making this event so special.✨

#ISBThailand #ThaiFoodFair #ISBCommunity #CultureThroughFood",0,"04/10/2025 23:30",https://www.instagram.com/p/DIS9kOzh8zA/,"IG carousel",,Lifetime,7605,2637,218,2,0,0,4
18054740888177119,17841409112206242,isb_thailand,"International School Bangkok","More than just a neighborhood, Nichada Thani is a vibrant, thriving expat community! 🌍 

With the renowned International School of Bangkok (ISB) at its heart, Nichada Thani provides a world-class education for your children. A place where you're not just a resident, but a part of a global family. From the moment you arrive, you’ll find a welcoming and supportive environment, connecting you with expats from all corners of the world.

Enjoy the convenience of on-site amenities including top-notch recreational facilities like swimming pools, tennis courts, and gyms, all within the comfort of a safe and secure setting with lush green spaces. 🌳

#ISB #GlobalEducation",0,"04/08/2025 21:20",https://www.instagram.com/p/DINlGjyNcBt/,"IG image",,Lifetime,5504,2107,71,0,2,0,1
18310154911233344,17841409112206242,isb_thailand,"International School Bangkok","Who knew math could taste this good? 😋➗ Grade 5 had a blast learning fractions by making Rice Krispies! From measuring ingredients to dividing treats, it was hands-on learning at its yummiest. 🍫📏 #RealLifeMath #FractionsFun #ISBLearns #SweetSuccess",0,"04/08/2025 04:16",https://www.instagram.com/p/DILv7FXvPXm/,"IG carousel",,Lifetime,6993,2282,173,17,2,1,1
17889045360122496,17841409112206242,isb_thailand,"International School Bangkok","🎉 A big congratulations to our newest International Honor Society members! 🌟 Their leadership and dedication will shine through events like Welcome Week, Open House, Graduation, and so much more. From guiding prospective families to leading special projects, they play a vital role in our community. Excited to see all they accomplish! #IHS #Leadership #ISB",0,"04/04/2025 22:35",https://www.instagram.com/p/DIDaf4XtQ3E/,"IG carousel",,Lifetime,7889,2741,255,47,1,0,6
18273882643268347,17841409112206242,isb_thailand,"International School Bangkok","""ISB High School students are not only intellectually curious and motivated but also engaged in their communities. They seek out opportunities to grow and make a meaningful impact as compassionate and forward-thinking global citizens."" - Becky Konowicz (University Counselor)

At ISB, we encourage our students to seek out learning opportunities helping them become compassionate and forward-thinking global citizens. 💡

We help our students prioritize various areas in their personal development, whether that’s empowering students to navigate various challenges or supporting their well-being. We help each student unlock their full potential and succeed. 🎓

#ISB #GlobalEducation",0,"04/03/2025 22:30",https://www.instagram.com/p/DIA1I0JiKR5/,"IG image",,Lifetime,5056,1943,64,1,0,0,0
18040260185208344,17841409112206242,isb_thailand,"International School Bangkok","🎶✨ A magical collaboration between our youngest and oldest musicians! The ES Panther Orff Ensemble and HS Wind Ensemble came together to celebrate music, movement, and storytelling. From a winter wonderland to a playful kitchen scene, their performances showcased creativity, connection, and the joy of making music together. Bravo to all the talented performers! 👏🎼 #ISBPanthers #MusicInMotion #CreativityInHarmony",0,"04/03/2025 04:01",https://www.instagram.com/p/DH-2Nfjvjjr/,"IG carousel",,Lifetime,6270,2304,136,2,0,0,4
18124673461441524,17841409112206242,isb_thailand,"International School Bangkok","🌟 Congratulations to the 2025 Pitch for Purpose Winners! 🌟

A huge shoutout to FacTs Team for winning this year’s Pitch for Purpose Challenge in collaboration with BRS Lawyers! 🏆👏

Their project, supporting Second Chance Bangkok (SCB), tackles fast fashion waste through a structured and impactful service initiative. The judges were impressed by their clear mission, innovative approach, and commitment to sustainability and education. 🌍♻️

We can't wait to see their project come to life! Stay tuned for updates. 💡✨ #ISBService #PitchForPurpose #Sustainability #ISBThailand",0,"04/02/2025 04:00",https://www.instagram.com/p/DH8RUfZBlcK/,"IG carousel",,Lifetime,8432,3386,313,13,0,1,8
18059701874084365,17841409112206242,isb_thailand,"International School Bangkok","Get ready to show your school spirit and paint the hallways with color, laughter, and energy; demonstrating what it means to be apart of the ISB community! 🎉

As a long standing tradition, Spirit Week at ISB helps our students foster unity, enthusiasm, connection, and camaraderie. Spirit Week gives our students opportunities to showcase their creativity and school spirit, while building a deeper connection with the school and the community. 🤝 

https://www.isb.ac.th/community/news-detail-page/~board/ms-news/post/ms-spirit-week-coming-soon

#ISB #GlobalEducation",0,"03/23/2025 20:00",https://www.instagram.com/p/DHkPQa3BV6C/,"IG image",,Lifetime,5017,2115,66,2,0,0,1
17973999974826396,17841409112206242,isb_thailand,"International School Bangkok","🌏🎉 What an Incredible IFF Celebration! 🎉🌏
At the beginning of February, we came together for an unforgettable day filled with culture, community, and connection! From the vibrant country parade to exciting games, delicious global cuisine, and breathtaking performances, every moment was a testament to the beauty of diversity. ✨🌍

A massive THANK YOU to our amazing parent volunteers and generous sponsors—your support made this event truly special. 💖
#IFF2025 #CulturalCelebration #GlobalConnections #StrongerTogether #FamilyFun #ISB #InternationalSchoolBangkok #CommunityEvent #CulturalDiversity #IFFCelebration",18,"03/12/2025 00:45",https://www.instagram.com/reel/DHF11lBS0iQ/,"IG reel",,Lifetime,6872,3648,216,12,3,4,6
17914044173986097,17841409112206242,isb_thailand,"International School Bangkok","ISB International Splash Swim Meet 2025 – Recap! 🌊

This past weekend, March 8-9, ISB hosted its annual International Splash Swim Meet, welcoming over 20 visiting teams from across Asia! 🌏💦 Our campus was buzzing with high-level competition, community spirit, and incredible performances in the 50-meter pool.

A huge thank you to all the athletes, coaches, families, and supporters who made this event unforgettable! 🙌 

See you next year for another splash-tastic event!

 #ISBSplash2025 #GoPanthers #SwimFast #ISB #SwimMeet # InternationalSchoolBangkok  #InternationalSwimming #ISBSwimming",0,"03/11/2025 01:21",https://www.instagram.com/p/DHDVkp8t79W/,"IG carousel",,Lifetime,7874,2792,297,23,1,1,5
18097633798523685,17841409112206242,isb_thailand,"International School Bangkok","""The mission of the EWC is to bring students into the outdoors and pose challenges in a real world setting.” - Elliott Bowyer, ISB Outdoor Education Director. 💬

Guided by our certified professional outdoor education instructors, the Wild Panthers team offers exceptional opportunities for ISB’s middle school students. 

ISB is committed to offering an extensive curriculum in Outdoor Education for all middle school students, delivered through are thorough program. This allows our students to gain hands on knowledge in the outdoors, tackling challenges in a safe yet stimulating environment. 🏕️

Learn more about our EWC program, and dive deeper into the wilderness. 
 
#ISB #GlobalEducation",0,"03/06/2025 19:00",https://www.instagram.com/p/DG4dv7Tu8Sx/,"IG image",,Lifetime,4769,1935,37,3,0,0,0
18022907864455806,17841409112206242,isb_thailand,"International School Bangkok","We had the honor to host AMDA College Of The Performing Arts with special guest and AMDA faculty-alumni, J Elaine Marcos. 🎞️ 

From her Broadway debut in Miss Saigon to appearing in films like St. Vincent with Bill Murray, J Elaine Marcos has a wealth of experience and talent. 

Her Broadway Musical Theatre workshop provided our students ways to break down the process of combining the disciplines of dancing, singing and acting turning our students into a Triple Threat! 🎭

Thank you to all students who participated and demonstrated their appetite for learning, and a big thank you to AMDA College Of The Performing Arts for their contribution towards our students development. 🎓

#ISB #GlobalEducation",0,"03/05/2025 00:00",https://www.instagram.com/p/DGz2daMBTsO/,"IG image",,Lifetime,4927,2003,52,14,0,1,2
17960253926884636,17841409112206242,isb_thailand,"International School Bangkok","Choosing the right program for your children's future is crucial. Here at ISB, we involve parents in these choices that shape the student's future. ✨ 

""ISB had a great session for parents explaining AP, AP Capstone, IB, Hybrid, and the regular ISB program before our children had to complete their registration"", said an ISB parent. 💬

Whether you’re looking to have your child study in the United States or Europe, choosing between AP, IB, or a hybrid program can be a daunting task. Our experienced in-house University Advisors are ready to help guide your children to higher education schools of their dreams.

Start the search for your child’s future education today. 📚

#ISB #GlobalEducation",0,"03/04/2025 19:00",https://www.instagram.com/p/DGzUHx8N96d/,"IG image",,Lifetime,3817,1436,27,0,0,0,0
17967553433726702,17841409112206242,isb_thailand,"International School Bangkok","🎨✨ The Elementary Art Show: CHEE VIT CHEE VA - Celebrating the Living of Life in Thailand ✨🎨
A big thank you to everyone who joined us last Friday for the opening of the Elementary Art Show at the new ISB Gallery: CHEE VIT CHEE VA! 🖌️💫
This vibrant exhibition showcases our young artists' interpretations of life in Thailand, celebrating the beauty, culture, and everyday moments that make this country so special. If you missed the opening, the show is still running until March 19th—don’t miss your chance to experience it!
📍 ISB Gallery
🗓 Now through March 19th
#ISBArtShow #CheeVitCheeVa #ISBGallery #StudentCreativity #ArtInEducation #ElementaryArtShow

Discover more about our arts program here:
 https://www.isb.ac.th/arts-activities-athletics/arts",0,"03/04/2025 17:00",https://www.instagram.com/p/DGzGb30Tkx-/,"IG carousel",,Lifetime,5017,1698,118,7,0,0,1
18291722650168556,17841409112206242,isb_thailand,"International School Bangkok","Huge shoutout to our #IASAS #TechCrew —the masterminds behind the scenes as part of the IASAS Dance, Drama & Tech Cultural Conventions (DDT)! 👏✨
From lighting and sound to set design and stage management, they brought The Grotto and Anon(ymous) to life with creativity and precision.
Next stop: Singapore (March 5-9) for the IASAS DDT! We’re so proud of their talent and can’t wait to see them shine! 🌍🎬
#IASAS2025 #IASASDanceDramaTechCulturalConvention #TechCrewMagic #ISB #ProudSchool #TechExcellence #IASASDDT #IASAS",0,"03/04/2025 00:25",https://www.instagram.com/p/DGxUmFUtT9J/,"IG image",,Lifetime,3729,1320,42,1,0,0,0
